<eml:eml xmlns:eml="eml://ecoinformatics.org/eml-2.1.1"
         xmlns:dc="http://purl.org/dc/terms/"
         xmlns:xsi="http://www.w3.org/2001/XMLSchema-instance"
         xsi:schemaLocation="eml://ecoinformatics.org/eml-2.1.1 http://rs.gbif.org/schema/eml-gbif-profile/1.1/eml.xsd"
         packageId="19fe96b0-0cf3-4a2e-90a5-7c1c19ac94ee/v1.9" system="http://gbif.org" scope="system"
         xml:lang="eng">

<dataset>
  <alternateIdentifier>19fe96b0-0cf3-4a2e-90a5-7c1c19ac94ee</alternateIdentifier>
  <alternateIdentifier>https://ipt.nina.no/resource?r=national_insect_monitoring</alternateIdentifier>
  <title xml:lang="eng">National insect monitoring in Norway</title>
      <creator>
    <individualName>
        <givenName>Jens</givenName>
      <surName>Åström</surName>
    </individualName>
    <organizationName>Norwegian Institute for Nature Research</organizationName>
    <positionName>Research Scientist</positionName>
    <address>
        <deliveryPoint>Postboks 5685 Torgarden</deliveryPoint>
        <city>Trondheim</city>
        <postalCode>7485</postalCode>
        <country>NO</country>
    </address>
    <phone>+4740634121</phone>
    <electronicMailAddress>jens.astrom@nina.no</electronicMailAddress>
    <onlineUrl>https://jenast.github.io</onlineUrl>
          <userId directory="http://orcid.org/">0000-0002-6114-0440</userId>
      </creator>
      <metadataProvider>
    <individualName>
        <givenName>Jens</givenName>
      <surName>Åström</surName>
    </individualName>
    <organizationName>Norwegian Institute for Nature Research</organizationName>
    <positionName>Research Scientist</positionName>
    <address>
        <deliveryPoint>Postboks 5685 Torgarden</deliveryPoint>
        <city>Trondheim</city>
        <postalCode>7485</postalCode>
        <country>NO</country>
    </address>
    <phone>+4740634121</phone>
    <electronicMailAddress>jens.astrom@nina.no</electronicMailAddress>
    <onlineUrl>http://jenast.github.io</onlineUrl>
          <userId directory="http://orcid.org/">0000-0002-6114-0440</userId>
      </metadataProvider>
      <associatedParty>
    <individualName>
        <givenName>Jens</givenName>
      <surName>Åström</surName>
    </individualName>
    <organizationName>Norwegian Institute for Nature Research</organizationName>
    <positionName>Research scientist</positionName>
    <address>
        <deliveryPoint>Postboks 5685 Torgarden</deliveryPoint>
        <city>Trondheim</city>
        <postalCode>7485</postalCode>
        <country>NO</country>
    </address>
    <phone>+4740634121</phone>
    <electronicMailAddress>jens.astrom@nina.no</electronicMailAddress>
          <userId directory="http://orcid.org/">0000-0002-6114-0440</userId>
    <role>principalInvestigator</role>
      </associatedParty>
  <pubDate>
      2023-05-22
  </pubDate>
  <language>eng</language>
  <abstract>
    <para>The Norwegian Institute for Nature Research (https://www.nina.no) conducts a general monitoring of terrestrial insects in Norway since 2020, on behalf of the Norwegian Environmental Agency (https://www.miljodirektoratet.no/). As of 2022, the monitoring is limited to the ecosystems &quot;Forest&quot; and &quot;Semi-natural land&quot; in the region Østlandet, and to &quot;Semi-natural land&quot; in Trøndelag, and in the region &quot;Sørlandet&quot;. Expansion to other regions or ecosystems may occur in the future. The monitoring is based on passive sampling through malaisetraps with addition of windowtraps in forests. Identification of insects is mainly done through metabarcoding after a soft lysis of the material. Caution should be excercised when interpreting occurrences of single species, as the metabarcoding and bioinformatics may contain errors. Three possible errors to be aware of: 1) false positives of some species not present in the sample, 2) wrong asssignment of DNA-sequence to species name, 3) false negatives of species present in the sample. The bioinformatics will likely be updated each following year on the entire dataset, with more and more DNA-sequencies being assigned to a species name, and some species assignments being corrected, as the reference libraries continue to improve. In this export, we filter out the taxonomic identifications that has been flagged as uncertain in our internal quality assessment.

The sample design is expressed through a series of hierarchical event levels, that should be unpacked before analysis. We also collect a range of environmental data at the sampling sites. These are collected in the dynamicalProperties column as a JSON-string, at the hierarchical level they are related to. An R-script for unpacking the data into a more usable format is (will be) available at https://github.com/NINAnor/national_insect_monitoring

Brief explanation of the hierarchical structure of the dataset:

1) The occurrence table can be joined to the event table through the parentEvent, which joins to an 
2) identification event. This level exists because any sample may have gone through several identification events, possibly with differing methods. The identification events joins through its parentEvent with 
3) a sampling_trap event, which designates a single trap in a single sampling event at a location. Sampling_trap events are joined through their parentEvent to a 
4) locality sampling event, which is a single sampling period in a locality. Sampling events can have 1 or more traps (sampling trap events). Finally, the locality sampling events can be joined through their parentEvent to a 
5) year locality event, which designates the sampling of insects in a single locality in a year. 

Relevant metadata or collected explanatory data is attached to each level, with the dynamicProperties column collecting the datatypes that the Darwin Event Core doesn&apos;t presently cater to.

This is the second version of this dataset. This version does not contain the records with taxonomy matches that has been flagged as uncertain, according to our bioinformatics pipeline (Identification confidence LOW, MEDIUM). The full data set can be sent on request.</para>
  </abstract>
      <keywordSet>
            <keyword>Samplingevent</keyword>
        <keywordThesaurus>GBIF Dataset Type Vocabulary: http://rs.gbif.org/vocabulary/gbif/dataset_type_2015-07-10.xml</keywordThesaurus>
      </keywordSet>
      <keywordSet>
            <keyword>Norway
Østlandet
Trøndelag
Sørlandet
Insects
Monitoring
Metabarcoding
Forest
Agricultural land</keyword>
        <keywordThesaurus>n/a</keywordThesaurus>
      </keywordSet>
  <intellectualRights>
    <para>This work is licensed under a <ulink url="http://creativecommons.org/licenses/by/4.0/legalcode"><citetitle>Creative Commons Attribution (CC-BY) 4.0 License</citetitle></ulink>.</para>
  </intellectualRights>
  <distribution scope="document">
    <online>
      <url function="information">https://www.nina.no/Naturmangfold/Insekter/Overv%C3%A5king-av-insekter</url>
    </online>
  </distribution>
  <coverage>
      <geographicCoverage>
          <geographicDescription>Currently (as of 2022) the dataset is limited to the Southern and mid-regions of Norway (Østlandet, Trøndelag, and Sørlandet), but the scope could potentially expand to cover the entire norwegian mainland.</geographicDescription>
        <boundingCoordinates>
          <westBoundingCoordinate>4.043</westBoundingCoordinate>
          <eastBoundingCoordinate>31.465</eastBoundingCoordinate>
          <northBoundingCoordinate>71.636</northBoundingCoordinate>
          <southBoundingCoordinate>57.798</southBoundingCoordinate>
        </boundingCoordinates>
      </geographicCoverage>
          <temporalCoverage>
              <rangeOfDates>
                  <beginDate>
                    <calendarDate>2020-05-11</calendarDate>
                  </beginDate>
                <endDate>
                  <calendarDate>2022-10-23</calendarDate>
                </endDate>
              </rangeOfDates>
          </temporalCoverage>
          <taxonomicCoverage>
              <generalTaxonomicCoverage>The sampling and bioinformatics focus on insects, but other classes of Arthropods also occur in the dataset.</generalTaxonomicCoverage>
              <taxonomicClassification>
                  <taxonRankName>kingdom</taxonRankName>
                <taxonRankValue>Metazoa</taxonRankValue>
              </taxonomicClassification>
              <taxonomicClassification>
                  <taxonRankName>phylum</taxonRankName>
                <taxonRankValue>Arthropoda</taxonRankValue>
              </taxonomicClassification>
          </taxonomicCoverage>
  </coverage>
  <maintenance>
    <description>
      <para></para>
    </description>
    <maintenanceUpdateFrequency>unkown</maintenanceUpdateFrequency>
  </maintenance>

      <contact>
    <individualName>
        <givenName>Jens</givenName>
      <surName>Åström</surName>
    </individualName>
    <organizationName>Norwegian Institute for Nature Research</organizationName>
    <positionName>Research Scientist</positionName>
    <address>
        <deliveryPoint>Postboks 5685 Torgarden</deliveryPoint>
        <city>Trondheim</city>
        <postalCode>7485</postalCode>
        <country>NO</country>
    </address>
    <phone>+4740634121</phone>
    <electronicMailAddress>jens.astrom@nina.no</electronicMailAddress>
    <onlineUrl>https://jenast.github.io</onlineUrl>
          <userId directory="http://orcid.org/">0000-0002-6114-0440</userId>
      </contact>
  <methods>
        <methodStep>
          <description>
            <para></para>
          </description>
        </methodStep>
  </methods>
  <project >
    <title>National insect monitoring in Norway</title>
      <personnel>
        <individualName>
            <givenName>Jens</givenName>
          <surName>Åström</surName>
        </individualName>
              <userId directory="http://orcid.org/">0000-0002-6114-0440</userId>
        <role>principalInvestigator</role>
      </personnel>
      <funding>
        <para>The funding is provided by the Environmental Agency of Norway.</para>
      </funding>
  </project>
</dataset>
  <additionalMetadata>
    <metadata>
      <gbif>
          <dateStamp>2022-01-21T00:23:57.778+00:00</dateStamp>
          <hierarchyLevel>dataset</hierarchyLevel>
            <citation>Åström J (2023): National insect monitoring in Norway. v1.9. Norwegian Institute for Nature Research. Dataset/Samplingevent. https://ipt.nina.no/resource?r=national_insect_monitoring&amp;v=1.9</citation>
          <resourceLogoUrl>http://www.nina.no/images/logo_liten_bare_NINA.jpg</resourceLogoUrl>
          <dc:replaces>19fe96b0-0cf3-4a2e-90a5-7c1c19ac94ee/v1.9.xml</dc:replaces>
      </gbif>
    </metadata>
  </additionalMetadata>
</eml:eml>
